temp,humidity,pressure,wind_speed,hour,is_weekend,temp_squared,temp_humidity,hour_sin,hour_cos,energy_demand_mw
14.868483087741875,70,1014.5122978014364,13.978588917475085,20,0,221.07178933046617,1040.7938161419313,-0.8660254037844386,0.5000000000000001,523.2415106345848
14.064117445330323,70,1012.0461138851276,1.8991682370083645,20,0,197.79939951604473,984.4882211731226,-0.8660254037844386,0.5000000000000001,535.5588077091442
22.93893020498499,45,1010.1621354611692,11.357945771299542,20,0,526.1945189491728,1032.2518592243246,-0.8660254037844386,0.5000000000000001,520.9415465342367
29.92618682389658,55,1016.756962412614,13.336865503091753,20,0,895.5766578187612,1645.9402753143117,-0.8660254037844386,0.5000000000000001,623.7675987112872
