temp,humidity,pressure,wind_speed,hour,is_weekend,temp_squared,temp_humidity,hour_sin,hour_cos,energy_demand_mw
15.950689332642591,89,1012.2785560003372,13.332862350179116,20,0,254.42449018647815,1419.6113506051906,-0.8660254037844386,0.5000000000000001,513.80023443314
13.970878968586533,66,1014.1793541561289,10.941855912553027,20,0,195.1854591548935,922.0780119267112,-0.8660254037844386,0.5000000000000001,501.5737684459663
29.18344034505797,50,1018.0008639690054,12.579113344075964,20,0,851.6731903735573,1459.1720172528985,-0.8660254037844386,0.5000000000000001,611.786552253203
32.718366275931984,48,1012.8779334943262,13.536036855078232,20,0,1070.4914917660433,1570.4815812447353,-0.8660254037844386,0.5000000000000001,659.9227533548379
